1,kang,haha
2,min,hehe
3,kyu,hoho
1,kang,haha
2,min,hehe
3,kyu,hoho
1,kang,haha
2,min,hehe
3,kyu,hoho
1,kang,haha
2,min,hehe
3,kyu,hoho
1,kang,haha
2,min,hehe
3,kyu,hoho
1,kang,haha
2,min,hehe
3,kyu,hoho
1,kang,haha
2,min,hehe
3,kyu,hoho
1,kang,haha
2,min,hehe
3,kyu,hoho
1,kang,haha
2,min,hehe
3,kyu,hoho
1,kang,haha
2,min,hehe
3,kyu,hoho
1,kang,haha
2,min,hehe
3,kyu,hoho
1,kang,haha
2,min,hehe
3,kyu,hoho
1,kang,haha
2,min,hehe
3,kyu,hoho
1,kang,haha
2,min,hehe
3,kyu,hoho
1,kang,haha
2,min,hehe
3,kyu,hoho
1,kang,haha
2,min,hehe
3,kyu,hoho
1,kang,haha
2,min,hehe
3,kyu,hoho
1,kang,haha
2,min,hehe
3,kyu,hoho
1,kang,haha
2,min,hehe
3,kyu,hoho
1,kang,haha
2,min,hehe
3,kyu,hoho
1,kang,haha
2,min,hehe
3,kyu,hoho
1,kang,haha
2,min,hehe
3,kyu,hoho
1,kang,haha
2,min,hehe
3,kyu,hoho
1,kang,haha
2,min,hehe
3,kyu,hoho
1,kang,haha
2,min,hehe
3,kyu,hoho
1,kang,haha
2,min,hehe
3,kyu,hoho
1,kang,haha
2,min,hehe
3,kyu,hoho
1,kang,haha
2,min,hehe
3,kyu,hoho
1,kang,haha
2,min,hehe
3,kyu,hoho
1,kang,haha
2,min,hehe
3,kyu,hoho
1,kang,haha
2,min,hehe
3,kyu,hoho
1,kang,haha
2,min,hehe
3,kyu,hoho
1,kang,haha
2,min,hehe
3,kyu,hoho
1,kang,haha
2,min,hehe
3,kyu,hoho
1,kang,haha
2,min,hehe
3,kyu,hoho
1,kang,haha
2,min,hehe
3,kyu,hoho
1,kang,haha
2,min,hehe
3,kyu,hoho
1,kang,haha
2,min,hehe
3,kyu,hoho
1,kang,haha
2,min,hehe
3,kyu,hoho
1,kang,haha
2,min,hehe
3,kyu,hoho
1,kang,haha
2,min,hehe
3,kyu,hoho
1,kang,haha
2,min,hehe
3,kyu,hoho
1,kang,haha
2,min,hehe
3,kyu,hoho
1,kang,haha
2,min,hehe
3,kyu,hoho
1,kang,haha
2,min,hehe
3,kyu,hoho
1,kang,haha
2,min,hehe
3,kyu,hoho
1,kang,haha
2,min,hehe
3,kyu,hoho
1,kang,haha
2,min,hehe
3,kyu,hoho
1,kang,haha
2,min,hehe
3,kyu,hoho
1,kang,haha
2,min,hehe
3,kyu,hoho
